pk,parameter_id,description-en,description-jp,奄美語徳之島面縄方言,沖縄語糸満方言,宮古語伊良部島長浜方言,福岡県柳川市方言,甑島里,富山県富山市,埼玉県東南部,椎葉村尾前方言,東京都世田谷区,長崎県五島列島野方方言,岩手県盛岡市,茨城県水海道方言,岐阜県大垣市赤坂方言,長崎県佐世保市宇久町方言
1,1A,Consonant Inventories,子音の数はいくつか,18,15,16,15,15,15,17,14,no data,16,no data,14,19,no data
2,2A,Vowel Quality Inventories,母音の数はいくつか,7,5,5,5,5,5,6,5,5,5,no data,5,6,no data
3,3A,Consonant-Vowel Ratio,子音は母音の何倍あるか,2.42857143,3,3.2,3,3,3,2.8333333333333335,2.8,no data,3.2,no data,2.8,3.1666…,no data
4,4A,Voicing in Plosives and Fricatives,破裂音と摩擦音に有声/無声の対立があるか,Voicing contrast in both plosives and fricatives,Voicing contrast in both plosives and fricatives,no data,Voicing contrast in both plosives and fricatives,Voicing contrast in both plosives and fricatives,Voicing contrast in both plosives and fricatives,Voicing contrast in both plosives and fricatives,Voicing contrast in both plosives and fricatives,Voicing contrast in both plosives and fricatives,Voicing contrast in both plosives and fricatives,Voicing contrast in both plosives and fricatives,Voicing contrast in both plosives and fricatives,Voicing contrast in both plosives and fricatives,Voicing contrast in both plosives and fricatives
5,5A,Voicing and Gaps in Plosive Systems,ptkbdgのうち、存在しない音はあるか,None missing in /p t k b d g/,None missing in /p t k b d g/,None missing in /p t k b d g/,None missing in /p t k b d g/,None missing in /p t k b d g/,None missing in /p t k b d g/,None missing in /p t k b d g/,None missing in /p t k b d g/,None missing in /p t k b d g/,None missing in /p t k b d g/,no data,None missing in /p t k b d g/,None missing in /p t k b d g/,no data
6,6A,Uvular Consonants,口蓋垂音はあるか,no data,no data,no uvular,no data,no data,no data,no data,Uvular continuants only,Uvular continuants only,Uvular continuants only,no data,no data,Uvular continuants only,no data
7,7A,Glottalized Consonants,放出音、入破音、声門化鼻音があるか,Ejectives and glottalized resonants,No glottalized consonants,No glottalized consonants,No glottalized consonants,No glottalized consonants,No glottalized consonants,no data,No glottalized consonants,No glottalized consonants,No glottalized consonants,no data,No glottalized consonants,No glottalized consonants,no data
8,8A,Lateral Consonants,側面音があるか,No laterals,No laterals,No laterals,No laterals,No laterals,No laterals,No laterals,No laterals,No laterals,No laterals,no data,no data,No laterals,no data
9,9A,The Velar Nasal,軟口蓋鼻音を音素として持つか,No velar nasal,No velar nasal,No velar nasal,No velar nasal,no data,no data,no data,No velar nasal,No velar nasal,No velar nasal,No velar nasal,No velar nasal,"Velar nasal, but not initially",no data
10,10A,Vowel Nasalization,弁別的な鼻母音はあるか,Contrast absent,Contrast absent,Contrast absent,Contrast absent,Contrast absent,Contrast absent,Contrast absent,Contrast absent,Contrast absent,Contrast absent,no data,Contrast absent,Contrast absent,no data
11,10B,Nasal Vowels in West Africa,西アフリカ語における鼻母音,不適格,不適格,不適格,不適格,不適格,不適格,不適格,不適格,不適格,不適格,不適格,不適格,不適格,不適格
12,11A,Front Rounded Vowels,前舌円唇母音の有無,なし,なし,なし,なし,なし,no data,なし,なし,なし,なし,no data,なし,なし,no data
13,12A,Syllable Structure,音節構造,(C)(G)V(V)C,(N)(C)(G)V(V)(C),no data,(C(G))V(V)(C),Moderately complex syllable structure,no data,CVVC,(C1(G))V1(V2)(C2),(C(G))V(V)(C),(C)(C)(G)V(V)(C),no data,no data,(C)(S)V(V)(M),no data
14,13A,Tone,tonal languageか。HLより複雑な声調の区別があるか。,Simple tone system,Simple tone system,Simple tone system,No tones,Simple tone system,No tones,no data,No tones,Simple tone system,なし,Simple tone system,なし,Simple tone system,no data
15,14A,Fixed Stress Locations,固定されたストレス位置があるか,不適格,No fixed stress,不適格,No fixed stress,No fixed stress,No fixed stress,No fixed stress,不適格,no data,不適格,不適格,不適格,no data,不適格
16,15A,Weight-Sensitive Stress,no data,不適格,Not predictable,no data,Not predictable,Not predictable,Not predictable,no,不適格,no data,不適格,不適格,不適格,no data,不適格
17,16A,Weight Factors in Weight-Sensitive Stress Systems,no data,不適格,"No weight, or weight factor unknown",no data,"No weight, or weight factor unknown",no data,"No weight, or weight factor unknown",no,不適格,no data,不適格,不適格,不適格,no data,不適格
18,17A,Rhythm Types,no data,no data,no data,no data,no data,no data,no data,no data,no data,no data,no data,不適格,不適格,no data,不適格
19,18A,Absence of Common Consonants,no data,All present,All present,All present,All present,All present,All present,All present,All present,no data,All present,不適格,All present,All present,All present
20,19A,Presence of Uncommon Consonants,no data,なし,なし,なし,なし,なし,なし,なし,なし,no data,なし,なし,なし,なし,no data
21,20A,Fusion of Selected Inflectional Formatives,no data,Exclusively concatenative,Exclusively concatenative,no data,Exclusively concatenative,Exclusively concatenative,Exclusively concatenative,Exclusively concatenative,Exclusively concatenative,no data,Exclusively concatenative,no data,no data,Ablaut/concatinative,no data
22,21A,Exponence of Selected Inflectional Formatives,格の標示を行う形態素は、格標示以外の機能を持つか (e.g. ラテン語の第二変化男性主格単数の -usは、主格以外に「単数」も標示する),Monoexponential case,Monoexponential case,no data,Monoexponential case,Monoexponential case,Monoexponential case,Monoexponential case,Monoexponential case,Monoexponential case,Monoexponential case,no data,Monoexponential case,Monoexponential case,no data
23,21B,Exponence of Tense-Aspect-Mood Inflection,TAMの標示を行う形態素は、TAM以外の機能を持つか,monoexponential TAM,no data,no data,TAM+polarity,TAM+polarity,TAM+polarity,monoexponential TAM,TAM+polarity,no data,TAM+polarity,no data,TAM+polarity,Monoexponential TAM,TAM+polarity
24,22A,Inflectional Synthesis of the Verb,動詞にいくつくらいの文法範疇が標示されるか,4,no data,no data,3,no data,no data,no data,3,no data,3,no data,no data,3―4,no data
25,23A,Locus of Marking in the Clause,被動者はどこに標示されるか,No Marking,No Marking,no data,P is dependent-marked,P is dependent-marked,P is dependent-marked,P is dependent-marked,P is dependent-marked,no data,P is dependent-marked,P is dependent-marked,P is dependent-marked,no data,P is dependent-marked
26,24A,Locus of Marking in Possessive Noun Phrases,所有はどこに標示されるか,Possessor is dependent-marked,Possessor is dependent-marked,no data,Possessor is dependent-marked,Possessor is dependent-marked,Possessor is dependent-marked,Possessor is dependent-marked,Possessor is dependent-marked,Possessor is dependent-marked,Possessor is dependent-marked,no data,Possessor is dependent-marked,Possessor is dependent-marked,no data
27,25A,Locus of Marking: Whole-language Typology,被動者と所有はどこに標示されるか,Dependent-marking,Dependent-marking,no data,Dependent-marking,Dependent-marking,Dependent-marking,Dependent-marking,Dependent marking,Dependent-marking,Dependent-marking,no data,Dependent marking,no data,no data
28,25B,Zero Marking of A and P Arguments,no data,P is zero-marked,P is zero-marked,no data,no data,Non-zero marking,no data,no data,Non-zero marking,no data,Non-zero marking,no data,no data,no data," 
Non-zero marking"
29,25C-J,Differential Subject Marking,DSM現象があるか。もしあるなら、何によって標示が変わるか（e.g. 有生性、尊卑）,"Animacy, derogativity, addressability","Animacy, derogativity, addressability",no data,no data,no data,no data,no data,"Animacy, transitivity, focus",no data,Animacy,no data,なし,no data,no data
30,25D-J,Differential Object Marking,DOM現象があるか。もしあるなら、何によって標示が変わるか（e.g. 有生性、尊卑）,なし,なし,no data,no data,no data,no data,no data,"Animacy, adjacency","Animacy, adjacency, focus",なし,no data,Animacy,no data,no data
31,25E-J,Differential Genitive Marking,所有の標示が場合によって異なる現象（DGM）はあるか。,Animacy,なし,no data,no data,no data,no data,no data,"Animacy, alienability",no data,Animacy,no data,"Animacy, possessor-possessum relation",なし,no data
32,26A,Prefixing vs. Suffixing in Inflectional Morphology,no data,Predominantly suffixing,Predominantly suffixing,no data,Predominantly suffixing,Predominantly suffixing,Predominantly suffixing,suffix,Predominantly suffixing,no data,Predominantly suffixing,Predominantly suffixing,Predominantly suffixing,Predominantly suffixing,no data
33,27A,Reduplication,no data,Full reduplication only,no data,no data,Full reduplication only,Full reduplication only,no data,no data,no data,no data,no data,no data,no data,no data,no data
34,28A,Case Syncretism,格を屈折によって標示するか？する場合どのような方略か,No case marking,No case marking,No case marking,No case marking,Inflectional case marking is absent or minimal,no data,No case marking,No case marking,no data,No case marking,no data,No case marking,No case marking,no data
35,29A,Syncretism in Verbal Person/Number Marking,数や人称を動詞に標示するか,No subject person/number marking,No subject person/number marking,No subject person / number marking,No subject person/number marking,No subject person/number marking,No subject person/number marking,No subject person/number marking,No subject person/number marking,no data,No subject person/number marking,no data,No subject person/number marking,No subject person/number marking,no data
36,30A,Number of Genders,no data,No grammatical gender,No grammatical gender,No grammatical gender,No grammatical gender,なし,なし,no data,なし,no data,なし,no data,なし,No grammatical gender,no data
37,31A,Sex-based and Non-sex-based Gender Systems,no data,No gender system,No gender system,No gender system,No gender system,No gender system,No gender system,no data,No gender system,no data,No gender system,no data,No gender system,No gender system,no data
38,32A,Systems of Gender Assignment,no data,No gender system,No gender system,No gender system,No gender system,No gender system,No gender system,no data,No gender system,no data,No gender system,no data,No gender system,No gender system,no data
39,33A,Coding of Nominal Plurality,no data,suffix / reduplication,suffix / reduplication,suffix / reduplication,suffix / reduplication,no data,Plural suffix,suffix,Plural suffix,no data,Plural suffix,no data,no data,no data,no data
40,34A,Occurrence of Nominal Plurality,no data,no data,no data,no data,"Address nouns, obiligatory. Other animates, optional",no data,no data,no data,only human nouns optionally,no data,only human noun,no data,no data,no data,no data
41,35A,Plurality in Independent Personal Pronouns,no data,suffix / alternation,suffix / alternation,suffix / alternation,Person stem + nominal plural affix,no data,no data,Person stem + nominal plural affix,Person stem + nominal affix,no data,Person stem + nominal plural affix,no data,no data,Person stem + nominal plural affix,no data
42,36A,The Associative Plural,no data,Associative same as additive plural,Associative same as additive plural,no data,Associative same as additive plural,no data,no data,no data,Associative plural maeker also used for additive plurals,no data,Associative same as additive plural,no data,no data,no data,no data
43,36-B-J,Marking Plural by Reduplication,重複によって複数を示すことがあるか？あるとしたらどのような名詞カテゴリでそれが現れるか？,Interrogative noun,Interrogative noun,no data,no data,no data,no data,no data,interrogative pronoun,no data,no data,no data,no data,no data,no data
44,36-C-J,Dual Form,名詞の双数形があるか？あるとしたらどのカテゴリに現れるか？,Pronoun,no data,Pronoun(first person),no data,no data,no data,no data,なし,なし,なし,no data,no data,no data,no data
45,37A,Definite Articles,no data,No definite or indefinite article,No definite or indefinite article,No definite or indefinite article,No definite or indefinite article,Neither definite nor indefinite article,Neither definite nor indefinite article,No definite or indefinite article,No definite or indefinite article,No definite or indefinite article,No definite or indefinite particle,no data,No definite or indefinite particle,Neither definite nor indefinite article,no data
46,38A,Indefinite Articles,no data,No definite or indefinite article,No definite or indefinite article,No definite or indefinite article,No definite or indefinite article,Neither indefinite nor definite,Neither indefinite nor definite,No definite or indefinite article,No definite or indefinite article,No definite or indefinite article,No definite or indefinite particle,no data,No definite or indefinite particle,Neither definite nor indefinite article,no data
47,39A,Inclusive/Exclusive Distinction in Independent Pronouns,no data,No inclusice / exclusive,No inclusice / exclusive,no data,No inclusive/exclusive,No inclusive/exclusive opposition,No inclusive/exclusive opposition,no data,No inclusive/exclusive distinction,no data,No inclusive/exclusive,no data,no data,no data,no data
48,39B,Inclusive/Exclusive Forms in Pama-Nyungan,no data,不適格,不適格,不適格,不適格,不適格,不適格,不適格,不適格,不適格,不適格,no data,不適格,不適格,no data
49,40A,Inclusive/Exclusive Distinction in Verbal Inflection,no data,No person marking,No person marking,No person marking,No person marking,No person marking at all,No person marking at all,No person marking,No person marking,No person marking,No person marking,no data,No person marking,No inclusive/exclusive opposition,no data
50,41A,Distance Contrasts in Demonstratives,no data,Three-way contrast,Two-way contrast,no data,Three-way contrast,Three-way contrast,Three-way contrast,Three-way contrast,Three-way contrast,Three-way contrast,Three-way contrast,no data,no data,no data,no data
51,42A,Pronominal and Adnominal Demonstratives,no data,Different inflection,Different inflection,no data,Different inflection,Different inflectional features	,Different inflectional features,Different inflection,Different inflection,Different inflection,different inflection,no data,no data,Different inflection,no data
52,43A,Third Person Pronouns and Demonstratives,no data,no data,no data,no data,no data,no data,no data,Related to remote demonstratives,なし,no data,related to proximal or remote demonstrative,no data,no data,no data,no data
53,43B-J,Third-person Pronoun,三人称代名詞はあるか。,なし,なし,no data,no data,no data,no data,no data,なし,no data,なし,no data,no data,no data,no data
54,43C-J,Demonstrative Pronoun as a Third Person Pronoun,no data,all noun,all noun,no data,no data,no data,no data,no data,all noun,inanimate only,yes,no data,no data,no data,no data
55,44A,Gender Distinctions in Independent Personal Pronouns,no data,No gender distinctions,No gender distinctions,no data,No gender distinctions,No gender distinctions,No gender distinctions,no data,No gender didtinction,no data,No gender distinctions,no data,No gender distinctions,no data,no data
56,45A,Politeness Distinctions in Pronouns,no data,Binary politeness distinction,Binary politeness distinction,no data,"Multiple politeness distinctions, Pronouns avoided for politeness",Second person pronouns encode a binary politeness distinction,Second person pronouns encode multiple politeness distinctions,Multiple politeness distinctions,Second person pronouns encode multiple politeness distinctions,Pronouns avoided for politeness,No politeness distinction,no data,no data,no data,no data
57,46A,Indefinite Pronouns,no data,Interrogative-based,Interrogative-based,no data,Interrogative-based,no data,no data,Interrogative-based,Interrogative-based,Interrogative-based,interrogative-based,no data,no data,no data,no data
58,47A,Intensifiers and Reflexive Pronouns,no data,Identical,Identical,no data,Identical,no data,no data,Identical,no data,Identical,no data,no data,no data,no data,no data
59,48A,Person Marking on Adpositions,側置詞に人称標示するか。,No person marking,No person marking,no data,No person marking,Adpositions without person marking,Adpositions without person marking,No person marking,No person marking,No person marking,No person marking,no data,No person marking,Adpositions without person marking,no data
60,49A,Number of Cases,格の数はいくつか,10,no data,no data,10,10,9,13,9,no data,9,no data,11,8,no data
61,50A,Asymmetrical Case-Marking,名詞の種類によって格配列が変わるか。例：英語は一部の人称代名詞でのみnom-gen-accの区別が生じるので、additive-quantity,Symmetrical,Symmetrical,no data,Symmetrical,no data,Symmetrical case-marking,no data,symmetrical,no data,symmetrical,no data,Qualitatively asymmetrical case-marking,Symmetrical,no data
62,51A,Position of Case Affixes,no data,Postpositional clitics,Postpositional clitics,no data,Postpositional clitics,Postpositional clitics,no data,Postpositional clitics,Postpositional clitics,no data,postpositional,no data,postpositional,Postpositional clitics,no data
63,52A,Comitatives and Instrumentals,Comitative（e.g. ト）とInstrumental（e.g. デ）の形式は同一か,Differentiation,Differentiation,no data,Differentiation,Differentiation,Differentiation,Differentiation,Differentiation,Differentiation,differentiation,no data,differentiation,Differentiation,no data
64,53A,Ordinal Numerals,no data,no data,no data,no data,"One-th, two-th, three-th",no data,no data,no data,no data,"One-th, two-th, three-th","One, two, three",no data,no data,"One-th, two-th, three-th",no data
65,54A,Distributive Numerals,配分数詞「〜ずつ」はどのように標示されるか,Marked by suffix,Marked by suffix,no data,Marked by suffix,no data,no data,no data,no data,no data,no data,no data,no data,Marked by suffix,no data
66,55A,Numeral Classifiers,no data,Numeral classifiers are obligatory	,Numeral classifiers are obligatory	,no data,Numeral classifiers are obligatory	,no data,no data,no data,Numeral classifiers are obligatory	,Numeral classifiers are obligatory	,no data,no data,no data,Numeral classifiers are obligatory,no data
67,56A,Conjunctions and Universal Quantifiers,no data,"Formally similar, with interrogative",no data,no data,no data,no data,no data,no data,no data,no data,no data,no data,no data,no data,no data
68,57A,Position of Pronominal Possessive Affixes,no data,No possessive affixes,No possessive affixes,no data,No possessive affixes,No possessive affixes,No possessive affixes,No possessive affixes,No possesive affix,No possessive affixes,No possesive affix,no data,No possesive affix,No possessive affixes,no data
69,58A,Obligatory Possessive Inflection,no data,Absent,Absent,no data,Absent,No obligatorily possessed nouns,No obligatorily possessed nouns,no data,no data,no data,Absent,no data,Absent,No obligatorily possessed nouns,no data
70,58B,Number of Possessive Nouns,no data,None reported,None reported,no data,None reported,None reported,None reported,None reported,None reported,no data,None reported,no data,None reported,no data,no data
71,59A,Possessive Classification,被所有者の属性によって所有構文のencodingが変わるかどうか。,No possessive classification,No possessive classification,no data,No possessive classification,No possessive classification	,No possessive classification	,No possessive classification	,No possessive classification,no data,No possessive classification,no data,No possessive classification,No possessive classification,no data
72,60A,Genitives         Adjectives and Relative Clauses,no data,no data,no data,no data,no data,no data,no data,no data,no data,no data,no data,no data,no data,no data,no data
73,61A,Adjectives without Nouns,no data,no data,no data,no data,Not without noun,Not without noun,"Adjective may occur without noun, obligatorily marked by following word",Marked by following word,"Adjective may occur without noun, obligatorily marked by following word",no data,"Adjective may occur without noun, obligatorily marked by following word",no data,no data,no data,no data
74,61-J,名詞なしの形容詞,(1)そのままの形式で名詞になるか(2)形式名詞はあるか,no data,no data,no data,no data,no data,no data,no data,no data,no data,no data,no data,no data,no data,no data
75,62A,Action Nominal Constructions,no data,no data,no data,no data,no data,no data,no data,no data,no data,no data,no data,no data,no data,no data,no data
76,63A,Noun Phrase Conjunction,John went with MaryとJohn and Mary wentのように、noun phrase conjunctionとcomitative phraseで同一の形態素を用いるかどうか。,And' identical to 'with',And' identical to 'with',no data,And' identical to 'with',WITH-languages,no data,And' identical to 'with',And' identical to 'with',no data,And' identical to 'with',no data,And' identical to 'with',no data,no data
77,64A,Nominal and Verbal Conjunction,"John and Mary, eat and drinkのように、名詞と動詞で接続方法が同一かどうか",DIfferentiation,DIfferentiation,no data,Differentiation,Nominal and verbal conjunction are different,Nominal and verbal conjunction are different,Differentiation,Differentiation,no data,differentiaton,no data,no data,no data,no data
78,65A,Perfective/Imperfective Aspect,no data,no data,no data,no data,Grammatical marking,Grammatical marking of perfective/imperfective distinction,Grammatical marking of perfective/imperfective distinction,Grammatical marking of perfective/imperfective distinction,Grammatical marking of perfective/imperfective distinction,no data,Gramatical marking,no data,no data,no data,no data
79,66A,The Past Tense,no data,"Present, no remoteness distinctions","Present, no remoteness distinctions",no data,"Present, no remoteness distinctions",Past/non-past distinction marked; no remoteness distinction,Past/non-past distinction marked; no remoteness distinction,"Present, no remoteness distinctions","Present, no remoteness distinctions",no data,"Present, no remoteness distinctions",no data,no data,no data,no data
80,67A,The Future Tense,no data,No inflectional future,No inflectional future,no data,No inflectional future,No inflectional marking of future/non-future distinction,No inflectional marking of future/non-future distinction,No inflectional future,No inflectional future,no data,No inflectional future,no data,no data,no data,no data
81,68A,The Perfect,no data,no data,no data,no data,Other perfect,no data,no data,no data,other perfect,no data,other perfect,no data,no data,no data,no data
82,69A,Position of Tense-Aspect Affixes,テンスアスペクトは何で標示されるか,Tense-aspect suffixes,Tense-aspect suffixes,no data,Tense-aspect suffixes,Tense-aspect suffixes,Tense-aspect suffixes,Tense-aspect suffixes,Tense-aspect suffixes,no data,Tense-aspect suffixes,no data,Tense-aspect suffixes,no data,no data
83,70A,The Morphological Imperative,形態的な命令の標示が行われるか。行われる場合、数による対立があるか。,Second person number-neutral,Second person number-neutral,no data,Second person number-neutral,The language has morphologically dedicated second person imperatives that do not distinguish between singular and plural,The language has morphologically dedicated second person imperatives that do not distinguish between singular and plural,Second person number-neutral,Second person number-neutral,no data,no data,no data,Second person number-neutral,no data,no data
84,71A,The Prohibitive,禁止の形式は、特別な命令の形式と特別な否定の形式を採用しているか,Special imperative + special negative,Special imperative + special negative,no data,Special imperative + special negative,The prohbitive uses the verbal construction of the second singular imperative and a sentential negative strategy not found in (indicative) declaratives,The prohbitive uses the verbal construction of the second singular imperative and a sentential negative strategy not found in (indicative) declaratives,Special imperative + special negative,no data,no data,Special imperative + special negative,no data,no data,no data,no data
85,72A,Imperative-Hortative Systems,WALSの説明がよくわからない (maximalでもminimalでもないということはどういうこと？),no data,no data,no data,no data,The language has neither a maximal nor a minimal system,The language has neither a maximal nor a minimal system,no data,no data,no data,no data,no data,no data,no data,no data
86,73A,The Optative,動詞屈折に希求法があるか,Inflectional optative absent,no data,no data,Inflectional optative absent,Inflectional optative absent,no data,Inflectional optative present,Inflectional optative absent,Inflectional optative absent,Inflectional optative absent,no data,no data,no data,no data
87,74A,Situational Possibility,行為遂行的な可能を動詞屈折で表せるか,Affixes on verbs,Affixes on verbs,no data,Affixes on verbs,The language can express situational possibility with affixes on verbs,The language can express situational possibility with affixes on verbs,Affixes on verbs,Affixes on verbs,no data,Affixes on verbs,no data,Affixes on verbs,no data,no data
88,75A,Epistemic Possibility,認識的モダリティをどのように表すか,Other,no data,no data,Affixes on verbs,"The language cannot express epistemic possibility with verbal constructions or with affixes on verbs, but with other kinds of markers","The language cannot express epistemic possibility with verbal constructions or with affixes on verbs, but with other kinds of markers",Affixes on verbs,other,no data,Affixes on verbs,no data,no data,no data,no data
89,76A,Overlap between Situational and Epistemic Modal Marking,行為遂行的モダリティと認識的モダリティが同じ形式で表されるか？,no data,no data,no data,Overlap for either possibility or necessity,"The language has markers that can code both situational and epistemic modality, but only for possibility or for necessity	","The language has markers that can code both situational and epistemic modality, but only for possibility or for necessity",Overlap for either possibility or necessity,no data,no data,no overlap,no data,Overlap for either possibility or necessity,no data,no data
90,77A,Semantic Distinctions of Evidentiality,どのような種類の証拠性が文法的にコーディングされるか,Indirect only,no data,no data,Indirect only,no data,no data,Indirect only,indirect only,no data,No grammatical evidentials,no data,no data,no data,no data
91,78A,Coding of Evidentiality,証拠性のコーディングは何によって行われるか,Mixed,no data,no data,no data,no data,no data,no data,Verbal affix or clitic,no data,No grammatical evidentials,no data,no data,no data,no data
92,79A,Suppletion According to Tense and Aspect,時制のパラダイムに補充形があるか,No suppletion in tense or aspect,no data,no data,No suppletion in tense or aspect,No suppletion in tense or aspect,No suppletion in tense or aspect,No suppletion in tense or aspect,No suppletion in tense or aspect,no data,なし,no data,no data,no data,no data
93,79B,Suppletion in Imperatives and Hortatives,命令・勧誘のパラダイムに補充形があるか,なし,なし,no data,なし,なし,なし,なし,なし,no data,なし,no data,no data,no data,no data
94,80A,Verbal Number and Suppletion,動詞の人称パラダイムに補充形があるか,No singular-(dual)-plural pairs/triples,no data,no data,No singular-(dual)-plural pairs/triples,No singular-(dual)-plural pairs/triples,No singular-(dual)-plural pairs/triples,No singular-(dual)-plural pairs/triples,なし,no data,なし,no data,no data,no data,no data
95,81A,Order of Subject	 Object and Verb,基本語順,SOV,SOV,SOV,SOV,no data,SOV,SOV,SOV,SOV,SOV,no data,SOV,no data,no data
96,81B,Languages with two Dominant Orders of Subject	 Object	 and Verb,基本語順が定まらない場合のありうる語順,不適格,no data,?,不適格,no data,不適格,no data,不適格,no data,不適格,no data,不適格,no data,no data
97,82A,Order of Subject and Verb,no data,SV,SV,SV,SV,SV,SV,SV,SV,no data,SV,no data,SV,no data,no data
98,83A,Order of Object and Verb,no data,OV,OV,OV,OV,OV,OV,OV,OV,no data,OV,no data,OV,no data,no data
99,84A,Order of Object         Oblique         and Verb,no data,no data,no data,no data,no data,no data,no data,XOV,no data,no data,no data,no data,no data,no data,no data
100,85A,Order of Adposition and Noun Phrase,no data,Postpositions,Postpositions,no data,Postpositions,Postpositions,Postpositions,Postpositions,Postpositions,Postpositions,Postpositions,no data,postposition,no data,no data
101,86A,Order of Genitive and Noun,no data,Genitive-Noun,Genitive-Noun,no data,Genitive-Noun,Genitive-noun (GenN),Genitive-noun (GenN),no data,Genitive-Noun,no data,Genitive-Noun,no data,Genitive-Noun,no data,no data
102,87A,Order of Adjective and Noun,no data,Adjective-Noun,Adjective-Noun,no data,Adjective-Noun,Adjective-Noun,Adjective-Noun,no data,Adjective-Noun,no data,Adjective-Noun,no data,Adjective-Noun,no data,no data
103,88A,Order of Demonstrative and Noun,no data,Demonstrative-Noun,Demonstrative-Noun,no data,Demonstrative-Noun,Demonstrative-Noun,Demonstrative-Noun,no data,Demonstrative-Noun,no data,Demonstrative-Noun,no data,no data,no data,no data
104,89A,Order of Numeral and Noun,no data,Numeral-Noun,Numeral-Noun,no data,Numeral-Noun,no data,no data,no data,no data,no data,no data,no data,no data,no data,no data
105,90A,Order of Relative Clause and Noun,no data,Relative clause-Noun,Relative clause-Noun,no data,Relative clause-Noun,Relative clause-Noun,Relative clause-Noun,no data,Relative clause-Noun,no data,Relative Clause-Noun,no data,Relative Clause-Noun,no data,no data
106,90B,Prenominal relative clauses,NとRelの位置関係に揺れが生じ、かつその選択肢の一つにRelNがあるか。揺れがない言語はRelative clause-Noun (RelN) dominantとする。,Relative clause-Noun (RelN) dominant,Relative clause-Noun (RelN) dominant,no data,Relative clause-Noun (RelN) dominant,Relative clause-Noun (RelN) dominant,Relative clause-Noun (RelN) dominant,no data,Relative clause-Noun (RelN) dominant,no data,Relative clause-Noun (RelN) dominant,no data,Relative clause-Noun (RelN) dominant,no data,no data
107,90C,Postnominal relative clauses,NとRelの位置関係に揺れが生じ、かつその選択肢の一つにNRelがあるか。,不適格,no data,no data,不適格,no data,no data,no data,不適格,no data,不適格,no data,不適格,no data,no data
108,90D,Internally-headed relative clauses,no data,Internally-headed occurs as nondominant type,no data,no data,no data,no data,no data,no data,no data,no data,Internally-headed occurs as nondominant type,no data,no data,no data,no data
109,90E,Correlative relative clauses,no data,不適格,no data,no data,不適格,no data,no data,no data,不適格,no data,不適格,no data,不適格,no data,no data
110,90F,Adjoined relative clauses,no data,不適格,no data,no data,不適格,no data,no data,no data,不適格,no data,不適格,no data,不適格,no data,no data
111,90G,Double-headed relative clauses,no data,不適格,no data,no data,不適格,no data,no data,no data,不適格,no data,不適格,no data,不適格,no data,no data
112,91A,Order of Degree Word and Adjective,no data,Degree word-Adjective,no data,no data,Degree word-Adjective,Degree word precedes adjective (DegAdj),Degree word precedes adjective (DegAdj),no data,Degree word precedes adjective (DegAdj),no data,no data,no data,no data,no data,no data
113,92A,Position of Polar Question Particles,no data,Final,Final,no data,Final,Question particle at end of sentence,Question particle at end of sentence,no data,Final,no data,Final,no data,no data,no data,no data
114,93A,Position of Interrogative Phrases in Content Questions,no data,Final,Final,no data,Not initial interrogative phrase,no data,no data,no data,Not initial interrogative phrase,no data,no data,no data,no data,no data,no data
115,94A,Order of Adverbial Subordinator and Clause,従属副詞を作る形態素はどこに現れるか。,Final subordinator word,Final subordinator word,no data,Final subordinator word,no data,no data,no data,Final subordinator word,no data,Final subordinator word,no data,no data,no data,no data
116,95A,Relationship between the Order of Object and Verb and the Order of Adposition and Noun Phrase,no data,OV and postpositions,OV and postpositions,no data,OV and postpositions,Object-verb and postpositional (OV&Postp),Object-verb and postpositional (OV&Postp),no data,OV and postpositions,no data,OV and postpositions,no data,OV and postpositions,no data,no data
117,96A,Relationship between the Order of Object and Verb and the Order of Relative Clause and Noun,no data,OV and RelN,OV and RelN,no data,OV and RelN,Object-verb and relative clause-noun (OV&RelN),Object-verb and relative clause-noun (OV&RelN),no data,OV and RelN,no data,OV and RelN,no data,OV and RelN,no data,no data
118,97A,Relationship between the Order of Object and Verb and the Order of Adjective and Noun,no data,OV and AdjN,OV and AdjN,no data,OV and AdjN,Object-verb and adjective-noun (OV&AdjN),no data,no data,OV and AdjN,no data,OV and AdjN,no data,OV and AdjN,no data,no data
119,98A,Alignment of Case Marking of Full Noun Phrases,no data,Nominative - accusative (marked nominative),Nominative - accusative (marked nominative),no data,Nominative - accusative (standard),Nominative - accusative (standard),no data,no data,Nominative - accusative (standard),no data,Nominative - accusative (marked nominative),no data,"Nominative - accusative (standard), Neutral",no data,no data
120,99A,Alignment of Case Marking of Pronouns,no data,Optional pronouns in subject position,no data,no data,Nominative - accusative (standard),Nominative - accusative (standard),no data,no data,Nominative - accusative (standard),no data,不詳,no data,Nominative - accusative (standard),no data,no data
121,100A,Alignment of Verbal Person Marking,no data,Neutral,no data,no data,Neutral,Neutral alignment (no verbal person marking),Neutral alignment (no verbal person marking),no data,Neutral alignment (no verbal person marking),no data,Neutral,no data,Neutral,no data,no data
122,101A,Expression of Pronominal Subjects,no data,Optional pronouns in subject position,no data,no data,Optional pronouns in subject position,no data,no data,no data,Optional pronouns in subject position,no data,Optional pronouns in subject position,no data,no data,no data,no data
123,102A,Verbal Person Marking,no data,No person marking,no data,no data,No person marking,No person marking of any argument,No person marking of any argument,no data,No person marking,no data,No person marking,no data,No person marking,no data,no data
124,103A,Third Person Zero of Verbal Person Marking,no data,No person marking,no data,no data,No person marking,No person marking of the S,No person marking of the S,no data,No person marking,no data,No person marking,no data,No person marking,no data,no data
125,104A,Order of Person Markers on the Verb,no data,A and P do not or do not both occur on the verb,no data,no data,A and P do not or do not both occur on the verb,A and P do not or do not both occur on the verb,A and P do not or do not both occur on the verb,no data,A and P do not or do not both occur on the verb,no data,A and P do not or do not both occur on the verb,no data,A and P do not or do not both occur on the verb,no data,no data
126,105A,Ditransitive Constructions: The Verb 'Give',no data,Indirect-object construction,no data,no data,Indirect-object construction,Indirect-object construction,no data,no data,Indirect-object construction,no data, indirect-object construction,no data,Indirect-object construction,no data,no data
127,106A,Reciprocal Constructions,no data,Distinct from reflexive,no data,no data,Distinct from reflexive,no data,no data,no data,Distinct from reflexive,no data,no data,no data,no data,no data,no data
128,107A,Passive Constructions,no data,Present,no data,no data,Present,There is a passive construction,There is a passive construction,no data,Present,no data,Present,no data,Present,no data,no data
129,108A,Antipassive Constructions,no data,No antipassive,no data,no data,No antipassive,No antipassive,No antipassive,no data,No antipassive,no data,No antipassive,no data,no data,no data,no data
130,108B,Productivity of the Antipassive Construction,no data,No antipassive,no data,no data,No antipassive,no antipassive,no antipassive,no data,No antipassive,no data,No antipassive,no data,no data,no data,no data
131,109A,Applicative Constructions,no data,No applicative construction,no data,no data,No applicative construction,No applicative construction,No applicative construction,no data,No applicative construction,no data,No applicative construction,no data,no data,no data,no data
132,109B,Other Roles of Applied Objects,no data,No applicative construction,no data,no data,No applicative construction,no data,no data,no data,No applicative construction,no data,No applicative construction,no data,no data,no data,no data
133,110A,Periphrastic Causative Constructions,Biclausalな使役表現があるか,不適格,no data,no data,不適格,no data,no data,no data,不適格,no data,不適格,no data,no data,no data,no data
134,111A,Nonperiphrastic Causative Constructions,no data,Morphological but no compound,no data,no data,Morphological but no compound,Morphological type but no compound type,Morphological type but no compound type,no data,Morphological but no compound,no data,Morphological but no compound,no data,Morphological but no compound,no data,no data
135,112A,Negative Morphemes,"平叙文における否定の方略。”declarative sentence""としか書いていないので、述部が動詞・形容詞・名詞のいずれも含む？",Variation between negative word and affix,no data,no data,Negative affix,Negative affix,Negative affix,no data,Negative affix,no data,Negative affix,no data,Negative affix,no data,no data
136,112-J-1,Negation of Verbs,動詞の否定,no data,no data,no data,no data,no data,no data,no data,Negative affix,no data,Negative affix,no data,Negative affix,no data,no data
137,112-J-2,Negation of Adjectives,形容詞の否定,no data,no data,no data,no data,no data,no data,no data,Negative adjective,no data,Negative affix,no data,Negative affix,no data,no data
138,112-J-3,Negation of Nominal Predicates,名詞述語の否定,no data,no data,no data,no data,no data,no data,no data,Negative adjective,no data,Negative affix,no data,Negative affix,no data,no data
139,113A,Symmetric and Asymmetric Standard Negation,主節の平叙の動詞において、肯定と否定で構文やパラダイムが異なるか,Asymmetric,no data,no data,Asymmetric,Asymmetric standard negation only: Type Asy,Asymmetric standard negation only: Type Asy,no data,Asymmetric,no data,AsymmetriC,no data,Asymmetric,no data,no data
140,114A,Subtypes of Asymmetric Standard Negation,113Aでassymmetricであるとき、どこがassymetricか,A/Cat,no data,no data,A/Cat,Subtypes A/Fin and A/Cat,In finiteness and other grammatical categories: Subtypes A/Fin and A/Cat,no data,A/Fin and A/Cat,no data,A/Fin and A/Cat,no data,A/Fin and A/Cat,no data,no data
141,115A,Negative Indefinite Pronouns and Predicate Negation,「誰も」「何も」のような否定不定表現と述部の否定が共起するか,Predicate negation also present,no data,no data,Predicate negation also present,Negative indefinites co-occur with predicate negation,Negative indefinites co-occur with predicate negation,no data,no data,no data,no data,no data,no data,no data,no data
142,116A,Polar Questions,肯否疑問はどうやって標示されるか。イントネーション以外の方略が一つもないときはIntonation only,Question particle,no data,Quesition particle,Question particle,Question particle,Question particle,no data,Question particle,no data,Qestion particle,no data,no data,no data,no data
143,117A,Predicative Possession,述部における不定・分離可能な所有表現はどう表されるか,Have,no data,no data,no data,Genitive Possessive,Genitive Possessive,no data,no data,no data,Locational & Have & Topic,no data,no data,no data,no data
144,118A,Predicative Adjectives,述部の形容表現はverbalかどうか,Mixed,no data,no data,Mixed,no data,no data,no data,Mixed,no data,Mixed,no data,no data,no data,no data
145,119A,Nominal and Locational Predication,名詞述語文と存在文は同じ語彙を使うか,Different,no data,no data,Different,Split (i.e. different) encoding of nominal and locational predication,Split (i.e. different) encoding of nominal and locational predication,no data,Different,no data,Different,no data,Different,no data,no data
146,120A,Zero Copula for Predicate Nominals,コピュラのない名詞述語はありうるか,Possible,no data,Possible,Possible,no data,no data,no data,Possible,no data,Possible,Impossible,Impossible,no data,Possible
147,121A,Comparative Constructions,比較表現における名詞はどう標示されるか,Particle,no data,no data,Locational,no data,Particle Comparative,no data,Particle comparative,no data,Particle comparison,no data,no data,no data,no data
148,122A,Relativization on Subjects,主語の関係化をどう標示するか,no data,no data,no data,Gap,Gap,Gap,no data,Gap,no data,Gap,no data,no data,no data,no data
149,123A,Relativization on Obliques,斜格の関係化をどう標示するか,no data,no data,no data,Gap,Gap,Gap,no data,Gap,no data,Gap,no data,no data,no data,no data
150,124A,Want' Complement Subjects,願望をどう標示するか,Desiderative verbal affix,no data,no data,Desiderative verbal affix,Want' is expressed as a desiderative verbal affix,Want' is expressed as a desiderative verbal affix,no data,no data,no data,Desiderative verbal affix,no data,Desiderative verbal affix,no data,no data
151,125A,Purpose Clauses,目的を表す節の述語動詞は、単独で平叙文を作ることができるか,no data,no data,no data,deranked,Balanced/deranked	,Balanced/deranked,no data,no data,no data,deranked,no data,no data,no data,no data
152,126A,When' Clauses,時間の前後関係を表す節の述語動詞は、単独で平叙文を作ることができるか,no data,no data,no data,Balanced/deranked,Balanced/deranked        ,Balanced/deranked        ,no data,no data,no data,no data,no data,no data,no data,no data
153,127A,Reason Clauses,理由を表す節の述語動詞は、単独で平叙文を作ることができるか,Balanced,no data,no data,Balanced,Balanced,Balanced,no data,Baranced,no data,Baranced,no data,no data,no data,no data
154,128A,Utterance Complement Clauses,発話の補節の述語動詞は、単独で平叙文を作ることができるか,Balanced,no data,no data,Balanced,Balanced,Balanced,no data,Baranced,no data,Baranced,no data,no data,no data,no data
155,129A,Hand and Arm,「手」と「腕」は同じ語彙か,Different,no data,different,Different,Differentiation,no data,no data,Different,no data,different,no data,no data,no data,no data
156,130A,Finger and Hand,「指」と「手」は同じ語彙か,Different,no data,different,Different,Differentiation,no data,no data,Different,no data,different,no data,no data,no data,no data
157,130B,Cultural Categories of Languages with Identity of 'Finger' and 'Hand',no data,不適格,no data,no data,不適格,不適格,no data,no data,不適格,no data,不適格,no data,no data,no data,no data
158,131A,Numeral Bases,数詞は何進法か,Decimal,no data,Decimal,Decimal,no data,no data,no data,Decimal,no data,Decimal,no data,no data,no data,no data
159,132A,Number of Non-Derived Basic Colour Categories,黒白赤黄緑青をいくつのカテゴリーで区別するか,no data,no data,no data,no data,no data,no data,no data,no data,no data,no data,no data,no data,no data,no data
160,133A,Number of Basic Colour Categories,no data,no data,no data,no data,no data,no data,no data,no data,no data,no data,no data,no data,no data,no data,no data
161,134A,Green and Blue,緑と青をどう分類するか,Green/blue,no data,no data,no data,no data,no data,no data,no data,no data,no data,no data,no data,no data,no data
162,135A,Red and Yellow,赤と黄色をどう分類するか,no data,no data,no data,Red vs. Yellow,no data,no data,no data,no data,no data,no data,no data,no data,no data,no data
163,136A,M-T Pronouns,一人称代名詞に両唇鼻音、二人称代名詞に舌頂阻害音を含むか,No M-T pronouns,no data,No M-T pronouns,No M-T pronouns,No M-T pronouns,no data,no data,No M-T pronouns,no data,No M-T pronouns,no data,No M-T pronouns,no data,no data
164,136B,M in First Person Singular,一人称代名詞に両唇鼻音を含むか,No m in first person singular,no data,No min first person singular,No m in first person singular,No m in first person singular,no data,no data,No m in first person singular,no data,No m in first person singular,no data,No m in first person singular,no data,no data
165,137A,N-M Pronouns,一人称代名詞に歯または歯茎鼻音、二人称代名詞に両唇鼻音を含むか,No N-M pronouns,no data,no data,No N-M pronouns,No N-M pronouns,no data,no data,No N-M pronouns,no data,No N-M pronouns,no data,No N-M pronouns,no data,no data
166,137B,M in Second Person Singular,二人称代名詞に両唇鼻音を含むか,No m in second person singular,no data,No m in second person singular,m in second person singular	,No m in second person singular,no data,no data,No m in second person singular,no data,No m in second person singular	,no data,m in second person singular	,no data,no data
167,138A,Tea,「茶」をなんというか,Words derived from Sinitic cha,no data,no data,Words derived from Sinitic cha,Words derived from Sinitic cha,no data,no data,Words derived from Sinitic cha,no data,Words derived from Sinitic cha,no data,no data,no data,no data
168,139A,Irregular Negatives in Sign Languages,no data,不適格,no data,no data,不適格,不適格,不適格,no data,不適格,no data,不適格,no data,不適格,no data,no data
169,140A,Question Particles in Sign Languages,no data,不適格,no data,no data,不適格,不適格,不適格,no data,不適格,no data,不適格,no data,不適格,no data,no data
170,141A,Writing Systems,no data,no data,no data,no data,no data,不適格,不適格,no data,不適格,no data,不適格,no data,不適格,no data,no data
171,142A,Para-Linguistic Usages of Clicks,舌打ちが何を意味するか,no data,no data,no data,no data,no data,no data,no data,no data,no data,no data,no data,no data,no data,no data
172,143A,Order of Negative Morpheme and Verb,動詞と否定要素の順番,NegV / [Neg-V],no data,no data,[V-Neg],[V-Neg],[V-Neg],no data,[V-Neg],no data,[V-Neg],no data,[V-Neg],no data,no data
173,143B,Obligatory Double Negation,no data,不適格,no data,no data,不適格,no data,no data,no data,不適格,no data,no data,no data,no data,no data,no data
174,143C,Optional Double Negation,no data,不適格,no data,no data,不適格,no data,no data,no data,不適格,no data,no data,no data,no data,no data,no data
175,143D,Optional Triple Negation,no data,不適格,no data,no data,不適格,no data,no data,no data,不適格,no data,no data,no data,no data,no data,no data
176,143E,Preverbal Negative Morphemes,no data,No preverbal negative morpheme,no data,no data,No preverbal negative morpheme,No preverbal negative morpheme,No preverbal negative morpheme,no data,No preverbal negative morpheme,no data,No preverbal negative morpheme,no data,no data,no data,no data
177,143F,Postverbal Negative Morphemes,no data,NegV / [Neg-V],no data,no data,[V-Neg],Negative suffix,Negative suffix,no data,[V-Neg],no data,Negative suffix,no data,Negative suffix,no data,no data
178,143G,Minor morphological means of signaling negation,no data,なし,no data,no data,なし,"No negative tone, infix or stem change","No negative tone, infix or stem change",no data,なし,no data,"No negative tone, infix or stem change",no data,"No negative tone, infix or stem change",no data,no data
179,144A,Position of Negative Word With Respect to Subject	 Object	 and Verb,no data,Morphological negation only,no data,no data,MorphNeg,Morphological negation only,Morphological negation only,no data,MorphNeg,no data,Morphological negation only,no data,MorphNeg,no data,no data
180,144B,Position of negative words relative to beginning and end of clause and with respect to adjacency to verb,no data,不適格,no data,no data,不適格,不適格,不適格,no data,不適格,no data,不適格,no data,不適格,no data,no data
181,144C,Languages with different word order in negative clauses,no data,不適格,no data,no data,不適格,不適格,不適格,no data,不適格,no data,不適格,no data,不適格,no data,no data
182,144D,The Position of Negative Morphemes in SVO Languages,no data,不適格,no data,no data,不適格,不適格,不適格,no data,不適格,no data,不適格,no data,不適格,no data,no data
183,144E,Multiple Negative Constructions in SVO Languages,no data,不適格,no data,no data,不適格,不適格,不適格,no data,不適格,no data,不適格,no data,不適格,no data,no data
184,144F,Obligatory Double Negation in SVO languages,no data,不適格,no data,no data,不適格,不適格,不適格,no data,不適格,no data,不適格,no data,不適格,no data,no data
185,144G,Optional Double Negation in SVO languages,no data,不適格,no data,no data,不適格,不適格,不適格,no data,不適格,no data,不適格,no data,不適格,no data,no data
186,144H,NegSVO Order,no data,不適格,no data,no data,不適格,不適格,不適格,no data,不適格,no data,不適格,no data,不適格,no data,no data
187,144I,SNegVO Order,no data,不適格,no data,no data,不適格,不適格,不適格,no data,不適格,no data,不適格,no data,不適格,no data,no data
188,144J,SVNegO Order,no data,不適格,no data,no data,不適格,不適格,不適格,no data,不適格,no data,不適格,no data,不適格,no data,no data
189,144K,SVONeg Order,no data,不適格,no data,no data,不適格,不適格,不適格,no data,不適格,no data,不適格,no data,不適格,no data,no data
190,144L,The Position of Negative Morphemes in SOV Languages,SOV言語で、否定の形態素はどこに位置するか,SO[V-Neg],no data,no data,SO[V-Neg],SO[V-Neg],SO[V-Neg],no data,SO[V-Neg],no data,SO[V-Neg],no data,SO[V-Neg],no data,no data
191,144M,Multiple Negative Constructions in SOV Languages,no data,不適格,no data,no data,不適格,no data,no data,no data,不適格,no data,no data,no data,不適格,no data,no data
192,144N,Obligatory Double Negation in SOV languages,no data,不適格,no data,no data,不適格,no data,no data,no data,不適格,no data,no data,no data,不適格,no data,no data
193,144O,Optional Double Negation in SOV languages,no data,不適格,no data,no data,不適格,no data,no data,no data,不適格,no data,no data,no data,不適格,no data,no data
194,144P,NegSOV Order,no data,No NegSOV,no data,no data,No NegSOV,SOV but NegSOV does not occur,SOV but NegSOV does not occur,no data,No NegSOV,no data,No NegSOV,no data,不適格,no data,no data
195,144Q,SNegOV Order,no data,No SNegOV,no data,no data,No SNegOV,SOV but SNegOV does not occur,SOV but SNegOV does not occur,no data,No SNegOV,no data,No SNegOV,no data,不適格,no data,no data
196,144R,SONegV Order,no data,No SONegV,no data,no data,No SONegV,"SOV, but SONegV does not occur","SOV, but SONegV does not occur",no data,No SONegV,no data,No SONegV,no data,不適格,no data,no data
197,144S,SOVNeg Order,no data,Suffix&NoDoubleNeg,no data,no data,Suffix&NoDoubleNeg,"Suffix, no double negation","Suffix, no double negation",no data,Suffix&NoDoubleNeg,no data,Suffix&NoDoubleNeg,no data,Suffix&NoDoubleNeg,no data,no data
198,144T,The Position of Negative Morphemes in Verb-Initial Languages,no data,不適格,no data,no data,不適格,不適格,不適格,no data,不適格,no data,不適格,no data,不適格,no data,no data
199,144U,Double negation in verb-initial languages,no data,不適格,no data,no data,不適格,不適格,不適格,no data,不適格,no data,不適格,no data,不適格,no data,no data
200,144V,Verb-Initial with Preverbal Negative,no data,不適格,no data,no data,不適格,不適格,不適格,no data,不適格,no data,不適格,no data,不適格,no data,no data
201,144W,Verb-Initial with Negative that is Immediately Postverbal or between Subject and Object,no data,不適格,no data,no data,不適格,不適格,不適格,no data,不適格,no data,不適格,no data,不適格,no data,no data
202,144X,Verb-Initial with Clause-Final Negative,no data,不適格,no data,no data,不適格,不適格,不適格,no data,不適格,no data,不適格,no data,不適格,no data,no data
203,144Y,The Position of Negative Morphemes in Object-Initial Languages,no data,不適格,no data,no data,不適格,不適格,不適格,no data,不適格,no data,不適格,no data,不適格,no data,no data
204,145-J,Nominal Accent Pattern,語アクセントの対立があるか。ある場合、どのようなシステムか。（無型、1型、2型、3型、4型、5型、n+1型、レジスターの有無など）,3型,no data,no data,無型,2型,n+1,no data,無型,no data,無型,no data,無型,no data,no data
205,146-J,Verbal Accent Pattern,語アクセントの対立があるか。ある場合、どのようなシステムか。（無型、1型、2型、3型、4型、5型、n+1型、レジスターの有無など）,2型,no data,no data,無型,2型,1型,no data,無型,no data,無型,no data,無型,no data,no data
206,1447-J,Retention of word-initial /p/,no data,No,no data,no data,No,1単語のみ（pojaNsu: 肛門）。これは「保持している」といえる?,no data,no data,No,no data,no data,no data,no data,no data,no data
207,148-J,Honorific Suffix in Verbal Inflection,no data,No,no data,no data,Yes,ある,Yes,no data,Yes,Yes,no data,no data,No,no data,no data
208,149-J,Dimunitive,no data,no data,no data,no data,No,no data,no data,no data,No,no data,no data,no data,no data,no data,no data
209,150-J,Situational Potential vs. Capable Potential,no data,no data,no data,no data,Yes,no data,no data,no data,Yes,no data,No,no data,No,no data,no data
210,151-J,Overt Focus Marking,no data,no data,no data,no data,no data,no data,no data,no data,no data,no data,No,no data,no data,no data,no data
